{
  "dimensions": 12,
  "embeddings": {
    "MCF7": [
      1.493691,
      2.218906,
      0.37807,
      -0.469415,
      0.792423,
      -0.362457,
      1.745577,
      -3.790135,
      -0.562988,
      -3.829039,
      -2.900502,
      2.390605
    ],
    "MDA-MB-231": [
      1.438777,
      1.963712,
      0.780118,
      -0.857244,
      0.997196,
      -0.778666,
      1.614567,
      -3.520048,
      -0.622886,
      -4.104419,
      -2.699886,
      2.639594
    ],
    "T47D": [
      1.337592,
      2.224357,
      0.60913,
      -0.47827,
      0.801241,
      -0.699674,
      2.143623,
      -3.870929,
      -1.153771,
      -3.659437,
      -2.480256,
      2.646671
    ],
    "BT549": [
      0.943803,
      2.108477,
      0.675818,
      -0.610482,
      0.685254,
      -0.501434,
      1.975996,
      -3.961693,
      -0.531375,
      -3.571087,
      -2.95573,
      2.660259
    ],
    "HS578T": [
      1.30277,
      2.293625,
      0.386928,
      -0.539619,
      0.829838,
      -0.247781,
      1.83626,
      -3.329235,
      -0.891963,
      -3.864172,
      -2.926242,
      2.553915
    ],
    "MDA-MB-468": [
      1.36665,
      2.413078,
      0.668304,
      -0.91089,
      0.904419,
      -0.797831,
      1.802626,
      -3.67913,
      -1.012345,
      -4.304756,
      -2.893708,
      2.623181
    ],
    "MDA-MB-435": [
      0.818222,
      2.327543,
      0.787537,
      -0.715272,
      0.644565,
      -0.450185,
      1.940964,
      -3.186292,
      -0.587177,
      -3.904083,
      -3.023507,
      2.89108
    ],
    "SF268": [
      1.915387,
      -1.188615,
      -3.109271,
      -6.016139,
      -1.182812,
      4.99899,
      1.169443,
      -1.210913,
      0.845206,
      -3.059101,
      -0.643799,
      0.389366
    ],
    "SF295": [
      1.340015,
      -1.604301,
      -3.16149,
      -6.393129,
      -1.279719,
      4.657799,
      0.829548,
      -0.896551,
      0.881148,
      -3.328079,
      -0.606038,
      0.40879
    ],
    "SF539": [
      1.595178,
      -1.621075,
      -2.893297,
      -5.973365,
      -0.957494,
      4.838101,
      1.010101,
      -1.32616,
      0.927743,
      -3.164055,
      -0.837825,
      -0.113741
    ],
    "SNB19": [
      1.92752,
      -1.509151,
      -3.209463,
      -5.948293,
      -0.861387,
      4.384682,
      0.570441,
      -1.303722,
      1.222396,
      -3.065399,
      -0.441183,
      -0.029077
    ],
    "SNB75": [
      1.566463,
      -1.349398,
      -2.993352,
      -5.81931,
      -1.124525,
      4.896459,
      0.901392,
      -0.963591,
      1.091562,
      -3.445891,
      -1.0441,
      0.399304
    ],
    "U251": [
      2.027915,
      -1.643085,
      -3.376974,
      -5.909251,
      -0.900823,
      5.200349,
      0.973028,
      -1.193488,
      0.751534,
      -3.119626,
      -0.6545,
      -0.004059
    ],
    "HCT116": [
      0.23755,
      1.938646,
      0.9165,
      1.152482,
      -1.205741,
      1.923556,
      3.346383,
      -1.690366,
      -1.648317,
      2.819572,
      -0.255307,
      2.875801
    ],
    "HT29": [
      -0.528924,
      1.598336,
      0.578052,
      1.080684,
      -1.040381,
      2.14143,
      3.529718,
      -1.889256,
      -1.505266,
      2.673979,
      -0.342129,
      2.588949
    ],
    "KM12": [
      -0.092803,
      1.593689,
      0.42876,
      1.326413,
      -1.39269,
      2.155143,
      3.436717,
      -1.93801,
      -1.725634,
      2.680411,
      -0.423271,
      2.591157
    ],
    "SW620": [
      -0.202412,
      1.432393,
      0.439227,
      1.438896,
      -1.298492,
      1.438289,
      3.233337,
      -1.741159,
      -1.563547,
      2.876736,
      -0.374905,
      2.638634
    ],
    "COLO205": [
      -0.388941,
      1.650533,
      0.765146,
      1.594118,
      -1.156749,
      1.769185,
      3.009033,
      -2.00412,
      -1.731945,
      2.631152,
      -0.498267,
      2.85822
    ],
    "HCC2998": [
      -0.272993,
      1.455999,
      0.751581,
      1.256254,
      -1.327924,
      1.850272,
      3.029988,
      -2.036547,
      -1.487836,
      2.439153,
      -0.806019,
      2.435274
    ],
    "LOVO": [
      -0.166379,
      1.587796,
      0.665768,
      1.57949,
      -1.911311,
      1.874818,
      3.570162,
      -2.165855,
      -1.851353,
      2.52099,
      -0.561557,
      2.74239
    ],
    "HL60": [
      -0.599574,
      3.277568,
      0.195784,
      0.89747,
      3.136551,
      -0.372803,
      -1.900904,
      -0.870917,
      0.977763,
      -2.495747,
      1.445199,
      -1.218996
    ],
    "K562": [
      -0.691272,
      2.837725,
      0.165022,
      0.698178,
      3.135653,
      -0.667826,
      -1.879447,
      -0.829812,
      0.989661,
      -3.518912,
      1.408256,
      -1.273947
    ],
    "MOLT4": [
      -1.173531,
      2.898409,
      0.279768,
      0.377756,
      3.295642,
      -0.991976,
      -1.963633,
      -1.014103,
      0.89535,
      -3.075745,
      1.073363,
      -0.932686
    ],
    "RPMI8226": [
      -0.872471,
      2.531702,
      -0.128747,
      0.513994,
      3.085243,
      -0.744225,
      -1.887841,
      -0.852016,
      1.094198,
      -3.353739,
      1.040547,
      -1.296207
    ],
    "SR": [
      -0.827288,
      3.159081,
      0.176704,
      0.016118,
      2.788637,
      -0.890148,
      -1.99379,
      -0.978806,
      0.912384,
      -3.193867,
      1.48481,
      -1.212746
    ],
    "CCRFCEM": [
      -1.057535,
      3.005866,
      -0.044157,
      0.594396,
      3.149947,
      -0.753029,
      -1.564589,
      -1.02157,
      1.316728,
      -3.176604,
      1.019539,
      -1.063559
    ],
    "A549": [
      2.080376,
      -4.938872,
      -1.493725,
      -3.26182,
      -1.776892,
      0.692813,
      -0.126952,
      -0.219495,
      -0.212487,
      0.679462,
      -2.393232,
      1.350118
    ],
    "NCIH460": [
      2.122224,
      -4.764675,
      -1.687421,
      -3.406168,
      -1.276024,
      0.461388,
      -0.275695,
      -0.553209,
      -0.303227,
      0.40798,
      -1.927407,
      1.646761
    ],
    "NCIH522": [
      2.625104,
      -4.726597,
      -1.455222,
      -3.603109,
      -1.670034,
      0.68339,
      -0.18526,
      -0.464433,
      -0.141091,
      0.50493,
      -1.777011,
      1.471571
    ],
    "NCIH23": [
      2.224486,
      -4.721352,
      -2.15925,
      -3.296359,
      -2.382141,
      0.150639,
      -0.2681,
      -0.411249,
      -0.550855,
      0.264356,
      -1.742964,
      1.316893
    ],
    "NCIH226": [
      2.744209,
      -4.788905,
      -1.491524,
      -3.049561,
      -1.626254,
      0.294863,
      -0.380399,
      -0.513877,
      -0.591318,
      0.35561,
      -2.165511,
      1.598571
    ],
    "NCIH322M": [
      2.302548,
      -4.84508,
      -1.594368,
      -3.328312,
      -1.529096,
      0.295389,
      -0.566771,
      -0.285819,
      -0.400837,
      0.123408,
      -1.92831,
      1.506373
    ],
    "NCIH647": [
      1.989482,
      -4.742624,
      -1.426015,
      -3.298059,
      -1.526063,
      0.214478,
      -0.292245,
      -0.567279,
      -0.414928,
      0.580888,
      -1.721217,
      1.772573
    ],
    "LOXIMVI": [
      1.588294,
      0.748129,
      1.183611,
      0.746201,
      4.094382,
      -0.148036,
      -0.449416,
      -1.518912,
      -2.210383,
      -2.571838,
      -1.650813,
      -0.140762
    ],
    "MALME3M": [
      1.393374,
      0.904092,
      1.038099,
      0.744086,
      4.145915,
      -0.421151,
      -0.325705,
      -1.607204,
      -2.395544,
      -2.697952,
      -1.981804,
      -0.130926
    ],
    "M14": [
      1.270562,
      0.702709,
      1.237007,
      0.660811,
      4.133356,
      -0.092223,
      -0.49094,
      -1.928646,
      -2.137413,
      -2.924986,
      -1.770383,
      -0.142287
    ],